username,email,file_name
plaight0,fpellew0@wikimedia.org,InEleifend.gif
dtallis1,pbaldwin1@nyu.edu,Eget.txt
dmarchenko2,kkira2@home.pl,SapienPlaceratAnte.ppt
mlehrle3,bfurlonge3@barnesandnoble.com,UltricesVel.ppt
soclovan4,kkleinmintz4@house.gov,AtFeugiat.mp3
akegan5,ihaggerstone5@forbes.com,UtMassa.mp3
pmetzig6,hdmitr6@toplist.cz,MusVivamus.avi
ghansard7,gtaylour7@pagesperso-orange.fr,CuraeDonecPharetra.txt
lcramphorn8,obett8@artisteer.com,Donec.gif
sconnerly9,ndenisovich9@friendfeed.com,AugueVelAccumsan.xls
brohlfsa,mbellchambera@odnoklassniki.ru,DuiNec.ppt
bmacrob,ddenseyb@prweb.com,LaciniaEget.doc
dfoldc,mbunclarkc@indiegogo.com,TortorEuPede.avi
acloverd,rphythiand@amazonaws.com,Eros.avi
hceasere,erowbreye@craigslist.org,NonLectus.pdf
rfayerf,salcockf@ustream.tv,VolutpatQuamPede.xls
sanang,jdommerseng@uiuc.edu,Orci.mp3
bhuginh,dfinbyh@google.co.uk,SuspendisseOrnare.tiff
rmauseri,ksmizi@ftc.gov,QuamA.ppt
rgobelj,amiskenj@netscape.com,Lacinia.jpeg
blewintonk,jgodballk@yahoo.com,Diam.mp3
bclynterl,tburtonshawl@japanpost.jp,UltricesMattis.pdf
jbruhkem,tvanym@lulu.com,Libero.avi
lcaldaron,acollcottn@so-net.ne.jp,PedeMalesuada.tiff
tdumbeltono,adeluciao@list-manage.com,TellusNullaUt.tiff
rsambedgep,sicetonp@skyrock.com,NecSemDuis.xls
mcopelliq,mvallentineq@cbc.ca,NuncDonecQuis.tiff
gpepperrallr,bcotherillr@tinyurl.com,TellusNisiEu.ppt
gpetruszkas,pmartinezs@aboutads.info,PotentiCras.pdf
ybrimsont,ecrightont@mediafire.com,NibhFusce.pdf
bkeilingu,amanwaringu@youtu.be,NullamVariusNulla.mp3
cmaddyv,ssevernv@g.co,Semper.jpeg
dmackintoshw,adanew@tumblr.com,Nisi.xls
psamsworthx,mcoullingx@wikipedia.org,PenatibusEt.avi
llabely,dbenoyy@angelfire.com,LoremIntegerTincidunt.ppt
boloughanez,smaylorz@dropbox.com,ElementumNullamVarius.jpeg
jdavsley10,gmountlow10@google.nl,Nulla.ppt
gscala11,dkneller11@nymag.com,AmetJustoMorbi.xls
wmorad12,eparrish12@house.gov,Donec.mp3
rhanbury13,overnon13@weather.com,AnteIpsumPrimis.mp3
itremayle14,bcull14@state.gov,Dapibus.avi
sshropshire15,tcullinan15@paypal.com,In.avi
ploudwell16,mmcgillecole16@tinypic.com,EgetEleifendLuctus.tiff
gpentycost17,klandeg17@sfgate.com,InFaucibusOrci.ppt
tmerrywether18,kstannis18@angelfire.com,TortorEuPede.avi
soiseau19,dwoofenden19@photobucket.com,Curae.xls
pway1a,ahowick1a@nasa.gov,LobortisVel.ppt
dshingfield1b,oomeara1b@mysql.com,QuisTurpis.doc
nalden1c,sgoucher1c@marketwatch.com,Nulla.tiff
lsoar1d,hmigheli1d@histats.com,InLibero.mp3
jmarusyak1e,nbogie1e@printfriendly.com,UtOdioCras.mp3
wgrenshiels1f,gpryn1f@webnode.com,PrimisInFaucibus.jpeg
sshermore1g,rfriary1g@shutterfly.com,QuisTurpisSed.xls
avolleth1h,ldrinkall1h@youtube.com,Diam.avi
idovermann1i,sberetta1i@booking.com,MorbiAIpsum.pdf
tmckelloch1j,qmangon1j@fema.gov,NonLectus.tiff
lagastina1k,crenwick1k@baidu.com,PotentiCras.avi
ekippin1l,ddella1l@tripadvisor.com,ElementumNullamVarius.mpeg
tskewes1m,dpinch1m@4shared.com,Ipsum.avi
lcrinkley1n,fdawber1n@toplist.cz,SitAmet.xls
mparrott1o,htousy1o@printfriendly.com,Dictumst.xls
ngiamelli1p,cgloy1p@github.com,IdLobortisConvallis.avi
ctopaz1q,jruttgers1q@linkedin.com,Iaculis.ppt
mdeware1r,dburdin1r@github.io,Vivamus.mov
csobieski1s,rpascow1s@samsung.com,Interdum.ppt
lkilkenny1t,dclutram1t@marketwatch.com,NullaSed.doc
sstonall1u,rnutting1u@sbwire.com,RutrumAc.mov
dtutsell1v,elefriec1v@ycombinator.com,Est.png
myetton1w,ystebbins1w@comcast.net,EtMagnisDis.mp3
pdun1x,mgrange1x@army.mil,AliquamErat.ppt
ajennaroy1y,wtichner1y@aol.com,A.jpeg
rchestle1z,rdudley1z@mysql.com,ProinAt.xls
efriel20,hroxby20@theguardian.com,QuamAOdio.pdf
dsmurfit21,bmeron21@google.com.br,Congue.jpeg
twildash22,jbrunon22@tuttocitta.it,InTempusSit.avi
gmissington23,vmarconi23@microsoft.com,Aliquet.tiff
sprantl24,jlamba24@walmart.com,Velit.mp3
prouchy25,scudby25@rakuten.co.jp,SitAmet.tiff
sskipping26,gmendoza26@jalbum.net,Sed.jpeg
lninnotti27,dmatusson27@newsvine.com,EuMassa.mp3
etuson28,ldilworth28@constantcontact.com,AliquetAtFeugiat.gif
ffrankowski29,mprangle29@tinyurl.com,Rutrum.mpeg
jferreras2a,acolliard2a@miitbeian.gov.cn,Ac.ppt
aklimes2b,crichten2b@lycos.com,AmetErosSuspendisse.jpeg
adreakin2c,cvarren2c@army.mil,Consequat.jpeg
nshevill2d,cdelve2d@vk.com,EgetRutrumAt.doc
habernethy2e,gprattin2e@ucla.edu,Justo.mov
jpowley2f,lprudham2f@fc2.com,Et.mp3
nslite2g,afarlham2g@telegraph.co.uk,Nulla.txt
rpetherick2h,ahavill2h@squarespace.com,LectusVestibulum.gif
gaudritt2i,marundale2i@prweb.com,EtCommodoVulputate.tiff
bdaborn2j,rcrump2j@biglobe.ne.jp,Porta.avi
oplayden2k,gdoret2k@wikipedia.org,Condimentum.tiff
nsall2l,yyakubovich2l@hp.com,Ut.mp3
kboatwright2m,celstone2m@indiegogo.com,Lobortis.xls
roriordan2n,hsaltwell2n@auda.org.au,Mauris.xls
kharrema2o,mogan2o@1und1.de,NonummyInteger.txt
dfancutt2p,kreinbech2p@businesswire.com,MassaVolutpatConvallis.xls
sblethin2q,tsinnie2q@dion.ne.jp,NuncNislDuis.tiff
rsodo2r,vshailer2r@bizjournals.com,ConsequatNulla.txt
hsciacovelli2s,asessions2s@friendfeed.com,EstQuam.xls
tsimonnin2t,cmorson2t@netscape.com,QuisqueUtErat.ppt
srosle2u,tshire2u@tuttocitta.it,LaciniaEget.xls
rduigan2v,abruni2v@howstuffworks.com,NullaUltrices.doc
bbonefant2w,clouis2w@examiner.com,Odio.ppt
agheerhaert2x,whodjetts2x@vkontakte.ru,RhoncusDuiVel.png
dpolhill2y,ascad2y@walmart.com,LuctusTinciduntNulla.doc
umcreath2z,ndurn2z@eepurl.com,DolorVel.mov
ebanbury30,uevershed30@sogou.com,Vitae.avi
akenworthy31,dstubbs31@cbsnews.com,InFaucibus.avi
ncoverley32,lpowdrell32@yolasite.com,Amet.txt
lsmalman33,zalexsandrowicz33@mtv.com,Est.xls
dead34,gmartynka34@nytimes.com,DuiLuctusRutrum.jpeg
ssherwen35,aelford35@slideshare.net,OrciNullam.tiff
ipellamonuten36,ytibald36@spiegel.de,ConvallisEgetEleifend.avi
hformilli37,mtesauro37@360.cn,MolestieNibhIn.ppt
efend38,xpinchen38@noaa.gov,ViverraDapibusNulla.mp3
esimonnot39,cburth39@soundcloud.com,QuamTurpis.mpeg
schesters3a,bstansall3a@reverbnation.com,Neque.avi
atwiddle3b,rdawbury3b@pbs.org,MattisEgestas.avi
gessam3c,pbernt3c@ebay.co.uk,AcEst.mp3
tgodsal3d,amara3d@t-online.de,AnteVestibulumAnte.mp3
cscherer3e,clamberton3e@techcrunch.com,Pede.doc
gwhellans3f,kwaggett3f@quantcast.com,Morbi.txt
mkermott3g,ecarnow3g@netlog.com,EnimBlanditMi.xls
rhelin3h,kegdal3h@hao123.com,LacusAtVelit.avi
kdain3i,jaimer3i@slate.com,MontesNascetur.gif
beathorne3j,jbarnham3j@nbcnews.com,Non.mp3
ggrishelyov3k,oblemings3k@earthlink.net,Nibh.doc
xskitral3l,rspraging3l@prnewswire.com,QuamSuspendissePotenti.ppt
tjennaway3m,ggurnell3m@redcross.org,Lacus.xls
rwildbore3n,sdionisi3n@prlog.org,IpsumPrimisIn.ppt
cwoodier3o,wlockie3o@nasa.gov,Fusce.avi
tsize3p,aschusterl3p@creativecommons.org,FelisEu.xls
mgobbett3q,ttuffield3q@nps.gov,Sociis.avi
cshillabear3r,mmeriton3r@geocities.jp,Sapien.avi
olillo3s,kcathie3s@ycombinator.com,Maecenas.mp3
ksapseed3t,dhayzer3t@drupal.org,Scelerisque.txt
tlushey3u,khutfield3u@omniture.com,Donec.jpeg
glydford3v,hpeacham3v@indiegogo.com,FermentumDonec.ppt
shassan3w,eceschelli3w@cmu.edu,VelNisl.doc
sbielfeldt3x,pbristoe3x@de.vu,EtCommodo.avi
ngreathead3y,lkohlert3y@lulu.com,FaucibusOrciLuctus.mp3
emcgrann3z,balexis3z@abc.net.au,CrasMi.mp3
bmcclune40,wgoldsby40@nbcnews.com,Curae.gif
plonghirst41,edax41@cargocollective.com,Adipiscing.ppt
aivy42,mboost42@apache.org,EgetCongue.ppt
jsoro43,rmeriton43@dmoz.org,Sapien.xls
uantoniutti44,pbarkworth44@1688.com,EstDonec.avi
wpherps45,aescalera45@cbslocal.com,PotentiNullam.mp3
cvaillant46,ajennaroy46@1688.com,Elit.doc
khambly47,jbenedicte47@blogger.com,DonecDiam.tiff
kcossell48,rhenric48@xrea.com,HacHabitassePlatea.doc
abrychan49,scodling49@free.fr,HabitassePlateaDictumst.gif
rberzin4a,cboynton4a@posterous.com,PulvinarNullaPede.doc
etindall4b,jgavan4b@cyberchimps.com,FeugiatEtEros.mp3
cjosskoviz4c,ekubicki4c@cnn.com,FaucibusOrci.ppt
mantley4d,dbirdfield4d@cdbaby.com,VelDapibus.xls
dberggren4e,ngrelka4e@cisco.com,SedAugueAliquam.png
tegdal4f,lmccleverty4f@cbsnews.com,LectusAliquam.tiff
fcastelli4g,gguillart4g@seattletimes.com,Faucibus.jpeg
gburkinshaw4h,mdunston4h@cloudflare.com,Velit.gif
ateggin4i,ihugnet4i@rambler.ru,Eu.doc
yperdue4j,sleechman4j@bloglovin.com,EuMagnaVulputate.avi
ghurtado4k,cfergie4k@printfriendly.com,PretiumIaculis.ppt
tothick4l,cwride4l@123-reg.co.uk,MalesuadaIn.ppt
mtraise4m,vdoak4m@clickbank.net,RutrumRutrum.mov
jreffe4n,dgogerty4n@odnoklassniki.ru,Arcu.xls
jceci4o,egeck4o@clickbank.net,AdipiscingElitProin.ppt
malexandre4p,fmayoh4p@xinhuanet.com,BibendumImperdiet.jpeg
nadin4q,edirr4q@phpbb.com,DuiVelNisl.jpeg
rwrigley4r,neverex4r@tripod.com,Ultrices.avi
trisebrow4s,mlippi4s@usgs.gov,MattisOdioDonec.ppt
lfeak4t,flafoy4t@pbs.org,Nulla.jpeg
sheffy4u,randrioni4u@trellian.com,TortorDuisMattis.xls
ctoohey4v,igreenhalf4v@pagesperso-orange.fr,NullaTempus.avi
ktaw4w,cmaccarrane4w@google.de,InSapienIaculis.doc
nswayton4x,hhessentaler4x@sbwire.com,SedAnte.xls
cgoricke4y,tdobbins4y@google.it,TinciduntLacusAt.mp3
wvinas4z,mbabin4z@instagram.com,Ut.doc
cprentice50,bpillifant50@oakley.com,MaurisEget.tiff
cmerle51,ibeese51@ning.com,TristiqueEstEt.jpeg
jwabersich52,afenney52@sciencedirect.com,LuctusEtUltrices.xls
gbowhay53,pspeek53@bbc.co.uk,Ut.ppt
jmcloughlin54,ghaddrill54@telegraph.co.uk,JustoSollicitudin.ppt
cbend55,dhargrave55@squidoo.com,EnimIn.mpeg
gmurdy56,rweale56@cdbaby.com,Eu.avi
bcumpton57,bgilchrist57@com.com,EtMagnis.avi
gsimonetti58,bgemson58@oakley.com,Sed.mpeg
ppiers59,melcoux59@cmu.edu,Eleifend.avi
chyatt5a,eveltmann5a@comcast.net,Purus.gif
dcowlin5b,bcrosland5b@list-manage.com,JustoSollicitudinUt.mov
ksmullen5c,jrobben5c@xrea.com,SagittisNamCongue.ppt
jabby5d,cspata5d@ted.com,CurabiturIn.ppt
mbearsmore5e,pdollard5e@webnode.com,DonecQuis.pdf
mquilligan5f,rcridlin5f@ehow.com,Ipsum.gif
gtiddeman5g,kwhether5g@yelp.com,LectusAliquam.avi
llepiscopio5h,clehuquet5h@google.com.au,NonMattis.gif
pconew5i,cterbrugge5i@smh.com.au,Consequat.mp3
rlanham5j,tgolsthorp5j@alexa.com,TurpisAPede.jpeg
jswaine5k,ewalworth5k@facebook.com,ConvallisEgetEleifend.tiff
tmccloid5l,sgoodfield5l@discovery.com,Varius.doc
lbeddall5m,abeining5m@yolasite.com,TempusVivamusIn.ppt
lscutching5n,frosten5n@loc.gov,MaurisLaoreetUt.jpeg
ncasetti5o,jbatchelder5o@woothemes.com,Non.xls
sadrian5p,jbartelot5p@infoseek.co.jp,CondimentumId.pdf
bbelfield5q,jberkley5q@csmonitor.com,Gravida.ppt
mhamments5r,jrathke5r@csmonitor.com,IdLuctusNec.ppt
sthombleson5s,tbrocks5s@163.com,SociisNatoque.xls
rdory5t,ymcwhannel5t@blog.com,Donec.mp3
gdowbakin5u,bkrikorian5u@hatena.ne.jp,Enim.jpeg
mambrois5v,frooze5v@shop-pro.jp,Ipsum.png
alambart5w,jongin5w@slashdot.org,Dapibus.mpeg
rruckhard5x,adelaperrelle5x@scientificamerican.com,IdOrnareImperdiet.tiff
fchaster5y,gsissland5y@tmall.com,NecDui.pdf
rhaslin5z,lkennsley5z@mtv.com,RutrumNulla.pdf
dceland60,hnisco60@japanpost.jp,VestibulumAcEst.mp3
earnison61,dchapell61@google.co.uk,VariusUtBlandit.xls
mskeech62,ncamerati62@wikimedia.org,VolutpatIn.tiff
gcranmere63,ntoppes63@pinterest.com,FaucibusOrciLuctus.avi
cpiggford64,vcaramuscia64@simplemachines.org,AeneanLectus.ppt
olavrick65,athelwll65@sphinn.com,MaurisLacinia.ppt
rloughnan66,fhairs66@spotify.com,CrasIn.jpeg
ddavidove67,jryding67@cpanel.net,Ultrices.xls
cbogart68,ngrigoriev68@ifeng.com,VelDapibusAt.png
sblowing69,cvanderson69@samsung.com,Sed.avi
twoolis6a,kspiers6a@hostgator.com,Diam.mp3
dalldred6b,kconeybeare6b@ed.gov,LigulaNec.xls
gcosty6c,mspenton6c@theatlantic.com,ImperdietEtCommodo.avi
cgeggus6d,jskelhorn6d@ted.com,Vestibulum.mpeg
fthurnham6e,broper6e@geocities.jp,Ornare.ppt
tpolini6f,cfaccini6f@nasa.gov,Dui.xls
llyst6g,cubsdell6g@youtu.be,VariusIntegerAc.xls
dwitheford6h,gblues6h@addtoany.com,Ut.ppt
lellcock6i,cconcannon6i@stanford.edu,LacusMorbi.png
lmccurry6j,csporton6j@altervista.org,OdioCurabiturConvallis.ppt
hlabitt6k,lrobion6k@shutterfly.com,InSagittis.jpeg
ttolchard6l,cpigrome6l@cyberchimps.com,Non.xls
eadamowicz6m,mcoyett6m@ox.ac.uk,Id.mp3
hgraffham6n,ggagin6n@usda.gov,Sit.xls
mstranio6o,rparzis6o@hubpages.com,AtDiam.mp3
chuggons6p,cmccarlie6p@howstuffworks.com,Amet.tiff
evant6q,scorah6q@de.vu,Duis.xls
dgerssam6r,smartinson6r@netvibes.com,PellentesqueEget.ppt
lglaserman6s,skuna6s@dagondesign.com,InFaucibusOrci.mp3
jmcnysche6t,fkeble6t@tumblr.com,Praesent.mp3
pdowe6u,tnowakowska6u@lycos.com,Cursus.avi
odionsetti6v,lsiene6v@sciencedaily.com,CongueDiam.avi
hoherlihy6w,acrick6w@webeden.co.uk,PellentesqueEgetNunc.tiff
jfirbanks6x,skyndred6x@foxnews.com,Platea.mov
nruprecht6y,dcaesar6y@godaddy.com,MassaVolutpat.avi
cmudle6z,jholah6z@cnet.com,Ultrices.png
pguinness70,arosencwaig70@unc.edu,Magna.tiff
ejaycox71,abarrott71@list-manage.com,Etiam.xls
felse72,lstrowther72@istockphoto.com,Enim.gif
mivic73,bmackenney73@cmu.edu,At.doc
bjewkes74,keady74@webnode.com,NisiVolutpat.txt
ivolk75,lwinscom75@geocities.com,SapienCursusVestibulum.mov
bchattoe76,gmarchello76@youku.com,SapienQuisLibero.avi
chugo77,hlongfield77@t.co,SapienUrnaPretium.tiff
rbevar78,kaindriu78@spotify.com,NisiEuOrci.xls
dgriffin79,kadderley79@icq.com,Fringilla.ppt
cmcdonand7a,edeguerre7a@vk.com,IntegerAc.ppt
kmaccague7b,ksemerad7b@amazon.co.uk,IaculisJusto.jpeg
akerwen7c,adrepp7c@posterous.com,EgetCongue.mov
cvanyatin7d,nporson7d@cornell.edu,Justo.xls
elangsdon7e,thaylock7e@guardian.co.uk,QuisOdioConsequat.mp3
bruslen7f,llautie7f@auda.org.au,NamNulla.ppt
tcusworth7g,bholton7g@w3.org,LoremVitaeMattis.mp3
pkleinstern7h,bcutford7h@tamu.edu,Posuere.png
arobertucci7i,pbaxter7i@amazon.co.jp,Consectetuer.ppt
kbanger7j,ekennerley7j@noaa.gov,Vulputate.ppt
mbaxstar7k,zfenimore7k@usa.gov,TurpisAdipiscingLorem.ppt
eiacobucci7l,gcater7l@newsvine.com,Ligula.mp3
pmccadden7m,mlinford7m@howstuffworks.com,LigulaSit.png
bpotteridge7n,gsanten7n@ask.com,PedeLobortisLigula.mp3
patton7o,fsmallpiece7o@edublogs.org,TemporConvallisNulla.xls
kbatchelor7p,sech7p@si.edu,MattisEgestas.mp3
dkleingrub7q,rramsdell7q@clickbank.net,Mauris.avi
ltuminini7r,vvibert7r@devhub.com,Platea.ppt
iwiddows7s,epearse7s@nasa.gov,UtEratId.avi
aperillio7t,kchastagnier7t@imdb.com,NibhQuisqueId.jpeg
cmacnamara7u,mmcilheran7u@bbc.co.uk,Vel.mp3
eletertre7v,nharriskine7v@nationalgeographic.com,Nam.avi
ztestro7w,bqueenborough7w@ebay.com,Ut.doc
lbettenson7x,jclaybourn7x@answers.com,EgetEleifendLuctus.pdf
ebothram7y,bcornbill7y@spotify.com,InTemporTurpis.txt
ajennemann7z,agimson7z@hubpages.com,SedTinciduntEu.mov
lmetcalfe80,aolorenshaw80@qq.com,VelDapibusAt.ppt
zmcculley81,dginie81@yahoo.co.jp,Tempor.xls
cmcclelland82,cbutler82@seesaa.net,CommodoVulputateJusto.xls
dfidgeon83,trydings83@zimbio.com,UltriciesEuNibh.xls
llancashire84,lhornig84@1und1.de,Donec.mp3
mbalazin85,wfittes85@vkontakte.ru,ElitSodales.xls
wdeath86,gmossom86@bloomberg.com,Convallis.mpeg
vbrudenell87,kmccarroll87@whitehouse.gov,EtiamFaucibusCursus.tiff
mpearcy88,sdykes88@vimeo.com,Venenatis.xls
mgiffaut89,hscay89@arizona.edu,Aliquam.ppt
mmcilmorie8a,hfearney8a@ask.com,Etiam.xls
creightley8b,psergent8b@w3.org,AIpsum.ppt
hpevsner8c,skorting8c@woothemes.com,SemSed.avi
bangrick8d,fskates8d@prweb.com,Eros.xls
afarlane8e,pbeaument8e@rambler.ru,SedVestibulum.xls
hhaggus8f,bbrunsdon8f@youku.com,DonecDapibusDuis.avi
xadolfson8g,wohegertie8g@imageshack.us,EratCurabiturGravida.jpeg
nthames8h,ppacheco8h@wp.com,InPorttitor.avi
lschild8i,hcrace8i@wordpress.com,Non.doc
bmandry8j,twalbrook8j@reuters.com,PortaVolutpatQuam.xls
rspadotto8k,cforsdicke8k@google.fr,Rhoncus.doc
gdurtnell8l,gesche8l@springer.com,LigulaSitAmet.txt
rmeiklejohn8m,jgeill8m@shutterfly.com,AcNeque.mov
dfoort8n,gmilverton8n@ovh.net,Amet.tiff
yandrew8o,zcarbine8o@youku.com,Tortor.tiff
jseagood8p,kperocci8p@yahoo.com,AtDiam.mpeg
rsirey8q,cmcgregor8q@usa.gov,Ut.ppt
bchampney8r,btregea8r@va.gov,RutrumNullaTellus.gif
mmccolm8s,kmardling8s@redcross.org,DuisConsequatDui.pdf
dpecht8t,ibarcke8t@businessinsider.com,NullaUltricesAliquet.mp3
madcock8u,vmatejovsky8u@sitemeter.com,FaucibusOrci.xls
cgreschke8v,mknobell8v@wunderground.com,UltricesErat.ppt
cheditch8w,gextill8w@twitpic.com,HabitassePlatea.xls
fferenczy8x,csepey8x@g.co,AliquamConvallisNunc.png
miacomi8y,vwightman8y@upenn.edu,FermentumJustoNec.ppt
hlimeburn8z,sdagnan8z@sphinn.com,Sapien.xls
radamsen90,tthurber90@jalbum.net,MaurisLaoreet.avi
afarr91,kspino91@surveymonkey.com,Vestibulum.mp3
dwedlock92,cnisius92@discuz.net,LigulaVehiculaConsequat.mpeg
nberriman93,gdunston93@desdev.cn,NullaElitAc.mov
dgirard94,vpingstone94@hibu.com,Platea.ppt
ctopling95,vquernel95@nps.gov,BlanditLaciniaErat.gif
tmilliken96,amewburn96@pbs.org,AliquamQuisTurpis.avi
rrochester97,lloiterton97@51.la,QuamSapien.mp3
mcunney98,csharp98@vkontakte.ru,Lacinia.gif
fbeere99,rwyson99@wikispaces.com,InFaucibusOrci.txt
cbrislane9a,rlafond9a@ed.gov,UtBlandit.pdf
ssivorn9b,iparlour9b@alibaba.com,NullamMolestie.mpeg
adonalson9c,rtayt9c@diigo.com,Nulla.ppt
agendricke9d,eleggate9d@unesco.org,Ultricies.mp3
kfreeth9e,jtordiffe9e@gnu.org,QuamSapienVarius.avi
hwyldes9f,ngehricke9f@squarespace.com,NullaAc.tiff
rklimkowski9g,snaylor9g@issuu.com,NullaDapibusDolor.png
nklimov9h,dstoke9h@prlog.org,Nibh.avi
ajerzak9i,swalder9i@ca.gov,UtEratId.mp3
coffa9j,zianson9j@altervista.org,Maecenas.mpeg
bdouche9k,cgoodwill9k@4shared.com,Ipsum.ppt
ntucknott9l,tspacy9l@un.org,NisiAt.png
rsplaven9m,llilloe9m@wordpress.com,UltricesPosuere.avi
fknowlys9n,sgannicleff9n@fda.gov,SitAmet.txt
egwynn9o,alygo9o@blogtalkradio.com,Quis.tiff
tyirrell9p,dolehane9p@oaic.gov.au,Felis.mp3
pturbern9q,afaustian9q@paypal.com,SitAmetCursus.xls
ghorning9r,aclampe9r@chronoengine.com,DuiVelNisl.mp3
mchimenti9s,ccarme9s@dyndns.org,Vestibulum.avi
kkornacki9t,mseawell9t@bizjournals.com,TurpisEget.xls
fsussans9u,llodwig9u@soundcloud.com,PretiumNisl.mp3
mmacdunleavy9v,kkorting9v@dedecms.com,Elementum.mpeg
kbagley9w,cneller9w@technorati.com,AmetJusto.tiff
ahinder9x,acano9x@vinaora.com,Rutrum.mp3
hmerveille9y,tchatterton9y@ibm.com,FeugiatEtEros.ppt
klaydon9z,mloveard9z@umich.edu,Quam.xls
lmayoha0,mskurraya0@odnoklassniki.ru,A.doc
dtofflera1,cyearrona1@virginia.edu,NullamPorttitor.tiff
alightwinga2,gtrowsdalla2@sciencedaily.com,Vel.ppt
llanigana3,sangera3@yellowpages.com,DiamVitae.mp3
knolletha4,jcaitlina4@pen.io,Bibendum.ppt
krodenburgha5,bsivorna5@e-recht24.de,Mattis.txt
sartharsa6,svellaa6@google.it,MiIntegerAc.tiff
bdenisovoa7,gmacnalleya7@yandex.ru,VestibulumAnteIpsum.xls
ppetrecza8,nneenana8@arstechnica.com,AliquetPulvinarSed.tiff
dsoanea9,ndibbsa9@webmd.com,PhasellusInFelis.xls
cseabridgeaa,ssyslandaa@amazon.com,ElementumLigulaVehicula.ppt
mlintheadab,kattenbrowab@gmpg.org,Elit.xls
ajinksac,abamptonac@github.io,QuisqueEratEros.mp3
spieracciad,cclemenconad@pcworld.com,ErosSuspendisse.jpeg
hfayersae,bpaoloae@webnode.com,OrciLuctus.pdf
hwalburnaf,modohertyaf@freewebs.com,Felis.avi
sdallanag,asambellsag@hud.gov,Diam.jpeg
rcallinghamah,lcragellah@behance.net,NasceturRidiculus.doc
asmaileai,tvasicai@weebly.com,InMagna.tiff
mreadmanaj,btidburyaj@edublogs.org,ConsequatMetus.mp3
pnerneak,egreaserak@google.pl,Eu.jpeg
jgunnyal,mshellardal@plala.or.jp,SemperSapien.ppt
keskrietam,mkohnekeam@cloudflare.com,LigulaSit.mp3
ckyteleyan,mstroudan@google.co.uk,LaoreetUt.tiff
dgilardiao,pbromptonao@opensource.org,RhoncusAliquam.ppt
hwildboreap,gbiddyap@lulu.com,UtErat.avi
dgoroniaq,bmcgunleyaq@nps.gov,Vestibulum.avi
mhurchar,mdeglanvillear@nymag.com,Donec.png
wblumsonas,esoras@skype.com,Quis.mpeg
sdosdaleat,dstennineat@joomla.org,Metus.txt
gplumridgeau,awoodburneau@moonfruit.com,MattisNibhLigula.xls
jmarshamav,dblumerav@gravatar.com,NecNisi.ppt
fatwoodaw,jsheplandaw@so-net.ne.jp,OrnareConsequatLectus.tiff
mgregorettiax,lsavaageax@tinyurl.com,SedInterdumVenenatis.avi
kbladesmithay,mlovatay@cargocollective.com,Morbi.tiff
agerdingaz,ftomasiaz@acquirethisname.com,LiberoQuis.ppt
adegoweb0,fstentonb0@biglobe.ne.jp,ErosVestibulumAc.jpeg
kkennallyb1,klotteb1@flavors.me,MorbiSem.avi
mdeadmanb2,hfoxworthyb2@gnu.org,AmetJusto.ppt
bcuncliffeb3,cnurseyb3@hugedomains.com,Quam.mp3
ptolertonb4,cfarreilb4@earthlink.net,NislDuisBibendum.ppt
selsomb5,cthoumasb5@va.gov,UltricesPosuere.ppt
lkightlyb6,ogutridgeb6@time.com,MetusAenean.pdf
lburghb7,cmordenb7@constantcontact.com,MaurisMorbiNon.mp3
nspadonib8,bcranmerb8@weibo.com,QuamFringilla.avi
ehollingsbyb9,hdanjoieb9@t-online.de,Urna.tiff
bspilemanba,msearesba@netlog.com,ConsequatLectusIn.xls
lscotsonbb,ckingsnodebb@godaddy.com,Vel.ppt
kmongerbc,ddockreaybc@eepurl.com,EleifendLuctus.mp3
kdurrancebd,hplitzbd@state.tx.us,Amet.ppt
griditchbe,fdemeadbe@jigsy.com,EratNullaTempus.jpeg
mcaudwellbf,dmustardbf@house.gov,LiberoConvallis.doc
kbrignellbg,dbiaggionibg@about.me,SagittisSapien.png
oloadebh,lrubinowbh@ucoz.ru,OrciVehiculaCondimentum.mp3
rrobinsbi,pmillambi@independent.co.uk,DiamErat.mpeg
sgarahanbj,jklimczakbj@cmu.edu,Ullamcorper.avi
nlowethbk,amcginnbk@wix.com,Cum.mpeg
dgutsellbl,aericksonbl@tinypic.com,Eget.jpeg
teneferbm,obeekmanbm@ycombinator.com,RhoncusAliquetPulvinar.doc
zsnadenbn,sklebesbn@networkadvertising.org,EstEtTempus.jpeg
csainsburybrownbo,hdominibo@sitemeter.com,Nisi.xls
lclewbp,dnanettibp@ucla.edu,InImperdiet.avi
bcrollbq,weagleshambq@usatoday.com,Tincidunt.ppt
bdaddowbr,dofeenybr@tumblr.com,LaciniaNisiVenenatis.ppt
mspeechleybs,ncoitbs@dot.gov,CurabiturInLibero.xls
coldknowbt,fblaydbt@jiathis.com,SedAugueAliquam.mp3
pcansdallbu,cbranchettbu@irs.gov,JustoSitAmet.avi
aweblinbv,lrubinowiczbv@qq.com,DiamIdOrnare.mpeg
gtrebybw,rsturtbw@reference.com,Suspendisse.mpeg
fgiacubobx,sfraschettibx@arizona.edu,TortorIdNulla.txt
cpattlelby,linglefieldby@google.fr,SemDuisAliquam.ppt
clormanbz,klaysonbz@census.gov,NibhFusce.avi
rhedgec0,gchristallc0@census.gov,MattisEgestas.jpeg
gcawsbyc1,olansleyc1@seattletimes.com,A.mpeg
geisikowitchc2,sgouldenc2@ucoz.ru,SapienCursus.mov
tbroodesc3,lmillc3@vkontakte.ru,Commodo.gif
hmyallc4,afirlec4@rambler.ru,PharetraMagnaAc.avi
cnetherwoodc5,vbussonsc5@springer.com,DuiProin.ppt
jcavillc6,jstrondc6@dmoz.org,Lobortis.avi
bcowillc7,ediggensc7@nationalgeographic.com,HabitassePlatea.xls
sdeignanc8,nprettyjohnc8@fda.gov,Risus.gif
tgoodshipc9,rraundc9@fc2.com,Velit.pdf
iknightsca,cquakleyca@arizona.edu,SapienNon.mp3
cnicholascb,mjanodetcb@mysql.com,Fusce.tiff
blundbeckcc,mconnochiecc@addthis.com,EstEt.jpeg
cswanecd,alabbetcd@ca.gov,Ridiculus.gif
lpadillace,krutherfordce@tmall.com,NecDui.ppt
sbaggallycf,vandreutticf@nhs.uk,EgetNuncDonec.ppt
dwestcg,zdemetrcg@clickbank.net,SapienNon.mp3
dsauratch,aclaquech@abc.net.au,IpsumAc.mp3
aaddieci,ujoslandci@newyorker.com,CongueElementumIn.xls
llongdoncj,alawdaycj@blogtalkradio.com,Lacinia.jpeg
hlerwillck,afrisbyck@sourceforge.net,Vulputate.ppt
jbatemancl,hbenediktovichcl@weather.com,Sapien.ppt
gsommervillecm,llambertciorwyncm@indiatimes.com,PlateaDictumstMaecenas.xls
laventcn,ssilverstoncn@clickbank.net,AnteVel.jpeg
ccasoneco,kduferco@biblegateway.com,UtNullaSed.tiff
hemmattcp,jgooderidgecp@opensource.org,VestibulumAliquet.avi
bglazzardcq,fmatussowcq@wiley.com,Curae.xls
mgorringcr,fmooneycr@nih.gov,AtNuncCommodo.png
cpritercs,odavidssoncs@hp.com,InTempusSit.png
estofferct,asalzenct@va.gov,PotentiNullam.xls
rcoopecu,csainescu@weebly.com,AtVulputateVitae.avi
eatterburycv,akubiscv@si.edu,AcConsequat.avi
kluttgertcw,stschiersecw@about.com,SitAmetConsectetuer.avi
mtortoisecx,ystarfordcx@wiley.com,VelNislDuis.mp3
ecarroduscy,rnorleycy@boston.com,SollicitudinUt.ppt
gthurlowcz,ssabbertoncz@eventbrite.com,BibendumMorbi.mp3
sdalyield0,hshirerd0@nbcnews.com,AliquetMassaId.pdf
lbonefantd1,hgiacovazzod1@flavors.me,OrciLuctus.jpeg
kklimusd2,kohrtmannd2@devhub.com,TristiqueEst.avi
hmulvyd3,cwaghorned3@wp.com,Phasellus.doc
aheled4,pkoubekd4@networksolutions.com,OdioJustoSollicitudin.jpeg
avallentind5,mgongd5@pagesperso-orange.fr,SitAmetEros.tiff
schaimd6,ddurband6@topsy.com,PedeMorbiPorttitor.tiff
pmccambridged7,ccorsed7@discovery.com,VelSem.mov
ncholomind8,wvennersd8@surveymonkey.com,DonecDapibusDuis.mp3
dfullickd9,mchilleyd9@disqus.com,SuscipitAFeugiat.mpeg
mwillemanda,tquenbyda@simplemachines.org,UtNunc.tiff
hduerdb,esouchdb@apache.org,SapienVariusUt.mp3
acullindc,gjessepdc@com.com,LeoPellentesqueUltrices.doc
bmoriartydd,asiggeedd@miitbeian.gov.cn,Primis.png
kwildbloodde,lmcillroyde@fastcompany.com,Nec.jpeg
rgadaultdf,hmatevushevdf@blog.com,Neque.avi
rconrydg,mgregoredg@cyberchimps.com,Nulla.doc
afurlongedh,bbailedh@about.me,Ut.jpeg
rcristofvaodi,odelacostedi@hc360.com,Vulputate.ppt
sdevillierdj,olacedj@spotify.com,Ridiculus.doc
rlochetdk,apendleberydk@freewebs.com,HabitassePlatea.xls
olindoresdl,amitchleydl@washingtonpost.com,DictumstMaecenas.xls
icamillidm,pmellmothdm@xrea.com,Dui.avi
nvasilievdn,akermodedn@wix.com,Sed.xls
spennettido,mrameaudo@issuu.com,JustoIn.xls
bnovichenkodp,zmcginlydp@tripod.com,MassaIdLobortis.doc
rdykesdq,elamsheaddq@t.co,Vehicula.mp3
nmactaguedr,daldingtondr@npr.org,VelNulla.xls
bwolfeds,scrowestds@ebay.co.uk,ScelerisqueMaurisSit.xls
lwizdt,oandriveaudt@go.com,Parturient.xls
ksturtedu,rsheehandu@bigcartel.com,InFaucibus.ppt
awernydv,drokedv@twitpic.com,PhasellusIdSapien.avi
sbuddendw,aastiedw@boston.com,SemperSapienA.mp3
bcaprondx,rferrieredx@reference.com,LoremIpsumDolor.avi
ntownsdy,coldroydedy@ehow.com,AccumsanTellusNisi.mp3
tmisselbrookdz,nmacpaikdz@ftc.gov,MolestieNibhIn.ppt
dstablere0,sbarajae0@google.co.uk,PedeUllamcorperAugue.ppt
cbradmane1,abedlee1@google.com.br,TortorIdNulla.mp3
cmichelete2,jpithere2@whitehouse.gov,CuraeDuisFaucibus.avi
lhalvosene3,fpettiphere3@marriott.com,Semper.png
bdoubravae4,lgutchere4@indiatimes.com,MolestieHendreritAt.avi
garpee5,mbramelte5@telegraph.co.uk,EstPhasellus.tiff
bgarde6,bleamone6@usgs.gov,UltricesVelAugue.ppt
lcolliholee7,jtasselle7@ft.com,JustoEuMassa.ppt
acoakleye8,pspellacye8@printfriendly.com,DolorSit.xls
shensmanse9,npatricksone9@omniture.com,MorbiA.mp3
amccaffreyea,vvanderbeekea@wordpress.org,SemperInterdumMauris.mp3
jhumbleseb,ctethcoteeb@auda.org.au,Pellentesque.jpeg
oewersec,ltudgayec@forbes.com,VelSem.ppt
bcauthraed,bwilcockesed@cdc.gov,DiamIn.avi
ahellingsee,ebundeyee@gmpg.org,NullaNequeLibero.avi
jduerdenef,mrothef@cnbc.com,IaculisCongueVivamus.mp3
bgregorioueg,ccockingseg@washingtonpost.com,Lectus.avi
kburgeneh,rlakendeneh@google.cn,PretiumIaculis.xls
oroughei,ccaberaei@yahoo.com,NislUt.tiff
vravenshawej,jrahlej@lulu.com,Consequat.avi
cmacvaghek,rhogganek@unblog.fr,MusVivamus.mp3
djayesel,roscanlonel@nationalgeographic.com,DolorSitAmet.doc
golivoem,sgodbehereem@aboutads.info,Nulla.mov
mmelarkeyen,ldunsen@mediafire.com,Hac.avi
jharburtsoneo,lsteeteo@guardian.co.uk,Lectus.xls
lspickettep,acosbeeep@seesaa.net,CurabiturGravidaNisi.mp3
cdowkereq,sdoddingeq@pen.io,SedAccumsan.avi
ajanseer,pciccettier@desdev.cn,NislDuis.ppt
lbirdseyees,bboobyeres@dion.ne.jp,Tellus.pdf
esponeret,rmizzenet@ycombinator.com,NislUt.png
aobbardeu,pblaszczykeu@dailymail.co.uk,BlanditMi.avi
cbolithoev,egabbottev@yellowpages.com,DiamNam.png
dsabineew,dbulstrodeew@nsw.gov.au,SitAmet.mp3
fbrattanex,ebeamsex@icio.us,Vivamus.xls
demblemey,dgwillimey@mayoclinic.com,Convallis.avi
glambdenez,pclintez@soundcloud.com,InLectusPellentesque.ppt
rseatonf0,gsaerf0@w3.org,Ultrices.doc
acornauf1,spenwardenf1@spiegel.de,NullaJusto.gif
llealf2,fjenmanf2@newyorker.com,LectusSuspendissePotenti.doc
hpearchf3,jthwaitesf3@ibm.com,Nulla.mp3
kmeacherf4,cwantf4@census.gov,Quisque.tiff
dbambrickf5,kcostardf5@hibu.com,AdipiscingMolestie.gif
egoalleyf6,amurrhardtf6@globo.com,CongueElementum.mpeg
kbatchleyf7,dcritchardf7@hc360.com,FusceLacus.avi
bweatherleyf8,lhardernf8@dion.ne.jp,PhasellusIn.pdf
fstarkief9,rrowattf9@whitehouse.gov,VelLectus.xls
jfernandesfa,tsouthwellfa@timesonline.co.uk,Parturient.ppt
zkubeckafb,dqualtrofb@huffingtonpost.com,InterdumVenenatisTurpis.ppt
gtybaltfc,cfrandsenfc@patch.com,PedeVenenatisNon.ppt
llurnerfd,rmackneisfd@ted.com,LeoOdio.ppt
amcilraithfe,btinniswoodfe@freewebs.com,EratCurabitur.mov
agraftonff,kallardff@msu.edu,Fusce.xls
dchiplenfg,sellerkerfg@nasa.gov,LiberoNonMattis.jpeg
tpapaminasfh,acoronadofh@t-online.de,PlaceratPraesent.mp3
beaggerfi,mlyonfi@plala.or.jp,CrasInPurus.doc
kcasarolifj,ehunnicotfj@pinterest.com,Consequat.gif
wadamczewskifk,mbleasefk@cnbc.com,AliquamSit.jpeg
ginchbaldfl,bgurryfl@yellowbook.com,Nec.ppt
wivashovfm,dtynnanfm@php.net,InEleifendQuam.tiff
maleksandrovfn,dalexandrefn@alibaba.com,CommodoVulputate.mov
tmarnsfo,pbaggotfo@time.com,SagittisDuiVel.xls
jmarkelfp,afeakefp@meetup.com,IpsumDolorSit.xls
jklinefq,hkynettfq@wp.com,EgetRutrumAt.xls
hvowellsfr,npeatfr@google.de,Blandit.ppt
aduellfs,edudbridgefs@wikia.com,Morbi.ppt
jnuccift,elainft@1688.com,A.xls
lcopestickfu,cdeluefu@indiatimes.com,ConsectetuerAdipiscing.txt
tshurmanfv,brogisterfv@newsvine.com,Mi.ppt
gdeningtonfw,rdanettfw@netvibes.com,SollicitudinVitaeConsectetuer.avi
cshavefx,tinchanfx@cornell.edu,VestibulumAnte.mp3
cbaynhamfy,dbuardfy@ed.gov,QuisTortor.jpeg
wflowerdenfz,dblaxelandfz@sphinn.com,CubiliaCurae.avi
whardageg0,ibremleyg0@omniture.com,PurusEu.mp3
ddaughtryg1,fbartalig1@xing.com,InCongue.doc
eclementuccig2,omackellerg2@bluehost.com,PlaceratPraesentBlandit.xls
ncoggong3,emccabeg3@nationalgeographic.com,QuamPedeLobortis.xls
mgrindlayg4,eguierreg4@upenn.edu,Mi.tiff
ecollabineg5,rbooneg5@jiathis.com,Morbi.jpeg
rsaytong6,hquiddintong6@plala.or.jp,SollicitudinMiSit.ppt
bstirtleg7,eevinsg7@huffingtonpost.com,MetusAenean.pdf
melhamg8,dpennerg8@businessinsider.com,PellentesqueAt.tiff
dbidmeadg9,dwallbridgeg9@ow.ly,LeoPellentesqueUltrices.mov
dscanderetga,kwattinghamga@plala.or.jp,Tristique.avi
mivanishevgb,espendleygb@nba.com,NullaPede.mov
lmoniergc,afeavyourgc@youtube.com,CongueElementum.xls
dbullockgd,imccrystalgd@cornell.edu,DiamErat.jpeg
gnewportge,aberthotge@spotify.com,Diam.avi
msolongf,hlapwoodgf@answers.com,QuamA.avi
fbarhamsgg,plilleegg@prlog.org,DictumstAliquam.mpeg
egollardgh,croddygh@amazon.com,Neque.ppt
abordissgi,tholberrygi@hexun.com,AdipiscingElitProin.ppt
kpolsingj,tkittmangj@issuu.com,In.xls
bcopcotegk,dbonellegk@gmpg.org,InLibero.mp3
bshernockgl,hjanodetgl@jalbum.net,EgetTincidunt.pdf
lvarlowgm,gbuckthorpgm@earthlink.net,RutrumAtLorem.png
sfearnleygn,ckristoffersengn@xrea.com,Nulla.xls
ssentancego,ascardafieldgo@wisc.edu,InterdumVenenatis.mov
hdudlistongp,cdunmuirgp@dell.com,NonVelitNec.pdf
rrolinsongq,cocahsedygq@skyrock.com,Aliquam.avi
bdugaldgr,klafondgr@tuttocitta.it,IntegerTincidunt.mov
bcomettogs,sandrejevicgs@sitemeter.com,Cursus.mp3
mastlegt,ryellopgt@youku.com,Neque.tiff
bsteelsgu,gciricgu@google.ca,AliquamConvallis.xls
jshadfourthgv,ggilbankgv@bloglovin.com,UltricesPhasellus.tiff
sglancygw,jantonignettigw@theguardian.com,Est.avi
nbrancagx,atoraldgx@jalbum.net,AmetLobortis.xls
fdevaangy,qwinshipgy@mysql.com,EuMi.ppt
msackesgz,jgrasgz@issuu.com,IntegerAcNeque.ppt
pgaraghanh0,rshelborneh0@columbia.edu,Rhoncus.mp3
cyerringtonh1,bjesseph1@php.net,JustoNecCondimentum.xls
gcousheh2,emewesh2@about.me,PotentiCras.tiff
egallawayh3,gbroggioh3@usatoday.com,EuMiNulla.xls
torringh4,jalgateh4@shareasale.com,MaurisViverra.txt
bgeertsenh5,jlissandrih5@clickbank.net,InQuis.xls
rdalziellh6,bbrittonh6@weather.com,VestibulumSagittis.txt
sdeambrosih7,voxtonh7@globo.com,SemperEst.ppt
esemanh8,tvaninh8@diigo.com,IdLuctusNec.mpeg
cwardingtonh9,ghallamh9@meetup.com,NislNunc.mov
henterleha,hcoldbreathha@hc360.com,Sed.txt
snewallhb,drisbridgerhb@goo.gl,Quis.ppt
cmcquillinhc,pblethinhc@blinklist.com,NislNunc.avi
minghd,cfennershd@t.co,AmetEleifend.tiff
givermeehe,qsachnohe@scribd.com,Eget.mpeg
bhallihanehf,mmaugerhf@1und1.de,Ultrices.jpeg
carlethg,jspittlehg@hp.com,JustoSollicitudinUt.tiff
jstuehmeierhh,tbathohh@wordpress.com,Sed.jpeg
reyeingtonhi,hbaldickhi@shareasale.com,DuisBibendumFelis.xls
morpwoodhj,cmckerronhj@privacy.gov.au,AliquetPulvinarSed.tiff
cdegogayhk,nfortounhk@hibu.com,Ut.mov
kmcinteerhl,dredwoodhl@addthis.com,RisusAuctorSed.mpeg
wrawlingshm,tmccartyhm@samsung.com,AtDolor.ppt
aarnowhn,saberkirdohn@netscape.com,PotentiNullam.mp3
ctidswellho,dadamsenho@archive.org,PellentesqueUltricesPhasellus.xls
psegarhp,acardwellhp@wordpress.org,MattisNibhLigula.png
cgaunterhq,mmylechreesthq@addtoany.com,NisiEu.png
omagranehr,hliccardihr@bbb.org,AuctorSedTristique.tiff
mpoaths,ksinnetths@un.org,Faucibus.ppt
pstobieht,tmarshlandht@mayoclinic.com,OrciPede.xls
bheadrickhu,ajessophu@reuters.com,Fusce.png
dnewburyhv,fhollyarhv@netvibes.com,AliquetAtFeugiat.ppt
trobjanthw,gtregearhw@businessweek.com,Lorem.avi
mmclennanhx,ktheurerhx@vistaprint.com,LeoMaecenas.png
awedgbrowhy,anicelyhy@cisco.com,DisParturient.doc
jklynerhz,rtryhz@ed.gov,IdMauris.ppt
srushmani0,fneumanni0@istockphoto.com,BlanditNam.png
hsnoddeni1,slomasnai1@oakley.com,AdipiscingMolestieHendrerit.txt
jhowseleei2,bmaddocki2@e-recht24.de,LoremIpsumDolor.pdf
zcantilloni3,atrousdalei3@nps.gov,MolestieHendrerit.ppt
dbowringi4,mblenkharni4@nytimes.com,SapienUt.tiff
kropei5,efairheadi5@t.co,Leo.ppt
oboamei6,azorzini6@google.ru,Cras.avi
pgantzmani7,judeyi7@wikimedia.org,Sollicitudin.mpeg
lhowisi8,djacobbei8@paypal.com,SitAmet.doc
ehuni9,ebruckeri9@ning.com,PraesentBlandit.ppt
ablythinia,wklasia@amazon.co.uk,Cursus.gif
sibbettib,csporeib@w3.org,PhasellusId.xls
malvenic,imullearyic@smugmug.com,VariusIntegerAc.ppt
asteinsonid,mbuttwellid@qq.com,ErosElementumPellentesque.avi
lkilcullenie,vgerckenie@stanford.edu,CondimentumIdLuctus.avi
awomackif,seldonif@wikimedia.org,VolutpatConvallis.gif
jsolomonidesig,eatchlyig@angelfire.com,VolutpatQuam.pdf
pfifieldih,begintonih@over-blog.com,UltricesPosuere.jpeg
mpinhornii,cwindmillii@wikipedia.org,Sodales.txt
jkornij,hgrigoryevij@eepurl.com,Massa.mp3
pdeminicoik,jjuggingsik@seesaa.net,Fusce.xls
tbalsomil,dabrahamsil@usatoday.com,MassaTempor.mp3
ggarmansonim,fhefferim@huffingtonpost.com,DuiMaecenasTristique.xls
lricardouin,kkarolovskyin@quantcast.com,Vulputate.png
dmathesio,irobertisio@businessinsider.com,NullaInteger.mp3
zbevingtonip,ntuckleyip@amazon.co.uk,NuncVestibulumAnte.png
ccasoliq,mevilliq@wunderground.com,LoremVitae.avi
bmabbuttir,asommerlieir@jimdo.com,IaculisJusto.jpeg
jyoudis,lwindlessis@chron.com,DuiLuctusRutrum.xls
lduerit,oleydonit@npr.org,TemporTurpisNec.avi
atromansiu,smarrableiu@booking.com,Magnis.jpeg
lcorseiv,dkirmondiv@rambler.ru,Est.mp3
bbarbyiw,ikellandiw@sfgate.com,EratId.mpeg
aeveritix,acardozoix@spiegel.de,Lectus.xls
bwithefordiy,bwickmanniy@indiatimes.com,CrasMi.png
cperottiiz,hgrigorioiz@istockphoto.com,ErosViverra.xls
nolivetoj0,ejeynessj0@jalbum.net,LobortisLigula.avi
akemej1,abrogij1@washington.edu,VenenatisNonSodales.jpeg
ldefranciscij2,umcfeatej2@surveymonkey.com,TortorRisusDapibus.mp3
acastelluzzij3,hchessellj3@netscape.com,Convallis.mp3
mcrockenj4,sraithmillj4@jiathis.com,JustoMaecenas.avi
rculverhousej5,eanglissj5@facebook.com,SedMagnaAt.mp3
cwoodersonj6,ydolej6@washington.edu,EgestasMetusAenean.ppt
dnisbithj7,vcosinsj7@buzzfeed.com,Nulla.mp3
hflaundersj8,mgorussoj8@nps.gov,SedAnteVivamus.jpeg
rmowerj9,krefordj9@ameblo.jp,Sit.mp3
htripletja,kattoja@shop-pro.jp,VelDapibus.jpeg
gianniellojb,toffieldjb@uol.com.br,InFaucibusOrci.mov
dchartejc,lloudjc@istockphoto.com,PortaVolutpat.avi
chinnerkjd,jstanworthjd@a8.net,IdNullaUltrices.gif
hyegorshinje,zgrandissonje@4shared.com,NecNisi.mp3
vcokerjf,fdowtyjf@discovery.com,VestibulumSagittisSapien.jpeg
bdealtryjg,vcoalesjg@mit.edu,AugueVestibulumAnte.mp3
cleteurtrejh,tharcasejh@state.gov,Enim.xls
cellissji,dferrieresji@paypal.com,UltricesPhasellus.avi
cdarreljj,dmclellanjj@jigsy.com,Suspendisse.mp3
htuitejk,hwolfarthjk@bluehost.com,Blandit.mp3
agallaharjl,ljurzykjl@angelfire.com,NislUtVolutpat.mov
sgoudyjm,ainsealjm@macromedia.com,IdNullaUltrices.xls
gwellwoodjn,lhadinghamjn@livejournal.com,SemFusceConsequat.png
dliddardjo,bdouthwaitejo@ebay.co.uk,A.avi
mcasperjp,kwensleyjp@goo.ne.jp,MaecenasPulvinar.mp3
cilyasovjq,blacerjq@fema.gov,Dis.avi
rdunbobinjr,wwalesbyjr@jugem.jp,ScelerisqueQuamTurpis.tiff
bellerkerjs,kovingtonjs@yellowpages.com,EratQuisqueErat.avi
iwagonjt,avandrilljt@netlog.com,Adipiscing.mp3
aannottju,gcohnju@people.com.cn,FaucibusCursus.avi
smaccaigjv,ntinstonjv@constantcontact.com,NequeSapienPlacerat.mp3
naiskovitchjw,kdullinghamjw@go.com,Diam.mp3
bgavaranjx,ksendleyjx@gnu.org,UtUltricesVel.doc
jskulejy,dgarfootjy@mapquest.com,ConsequatLectusIn.gif
ckerfutjz,snolinjz@businesswire.com,Elit.avi
kaveyardk0,bdanigelk0@mac.com,MattisEgestas.avi
skeasyk1,agoodisonk1@etsy.com,Augue.tiff
ibishellk2,growlandk2@oaic.gov.au,NullaInteger.doc
tbarteletk3,dbentok3@shinystat.com,Mi.tiff
qgumlyk4,pcausierk4@who.int,TortorDuis.doc
kjanzk5,tjakok5@bandcamp.com,InLeo.mov
pmerrifieldk6,mbaskeyfieldk6@prlog.org,TortorQuis.mpeg
gsymmonsk7,htrawink7@comsenz.com,EtMagnis.png
wlongshawk8,hdungek8@craigslist.org,RisusPraesentLectus.txt
smalafek9,mrockliffek9@wikia.com,UtMassaQuis.jpeg
fsallowayeka,clarradka@godaddy.com,VelitNec.jpeg
mtommeokb,dwartonbykb@fastcompany.com,JustoSollicitudin.xls
vsleathkc,abillisonkc@1und1.de,IdLuctusNec.pdf
mmansourkd,chelmkekd@uiuc.edu,Justo.mp3
mhumerstoneke,mbolingbrokeke@addthis.com,Leo.mp3
tmccullochkf,aroyallkf@etsy.com,InHac.gif
mscobiekg,msturtekg@dropbox.com,Donec.ppt
slutherkh,amulqueenykh@virginia.edu,In.jpeg
rdobellki,mdilaweyki@businessinsider.com,EstDonecOdio.doc
smackissackkj,dfinderkj@purevolume.com,Ut.png
dstylekk,lclearykk@biglobe.ne.jp,PhasellusSit.ppt
ggauntlettkl,jrosenqvistkl@amazonaws.com,SitAmetNulla.xls
abuxeykm,jdinningtonkm@github.com,CursusId.xls
hsinisburykn,wpossakn@ox.ac.uk,Vulputate.avi
rtrenamanko,reschalotteko@addtoany.com,Ut.doc
ipirdykp,otofaninikp@accuweather.com,Ut.avi
tgooderridgekq,nleelkq@intel.com,AcLobortisVel.xls
tjanodetkr,sstrikekr@feedburner.com,JustoAliquam.pdf
salabasterks,ballstonks@cargocollective.com,AIpsum.tiff
agiacobokt,padamovkt@barnesandnoble.com,QuisqueEratEros.mov
vmurfillku,sshortellku@alexa.com,LeoMaecenas.ppt
ptignerkv,mmathiassenkv@cafepress.com,Magnis.avi
ngainforthkw,kholsallkw@cnet.com,Amet.txt
rtamburokx,asporrijkx@sourceforge.net,VelitDonecDiam.gif
rhedderlyky,imckayky@histats.com,Aliquam.txt
sgiorgionikz,zsemarkekz@theglobeandmail.com,Dictumst.txt
ubartolettil0,xtiptaftl0@google.com.br,OrciLuctusEt.mpeg
bmaral1,tzammittl1@dedecms.com,EleifendDonec.ppt
lzealeyl2,ebezemerl2@imageshack.us,AcNulla.pdf
ayockleyl3,jmaggsl3@issuu.com,Cubilia.jpeg
dpettiforl4,bbursnelll4@facebook.com,NatoquePenatibusEt.xls
tshiell5,ttrivettl5@skype.com,Lobortis.avi
mmaclisel6,oastlingl6@1und1.de,MusVivamusVestibulum.ppt
rormondl7,kbrumblel7@sun.com,Amet.png
jroydonl8,kmacleesel8@mozilla.com,GravidaNisi.txt
kradmorel9,crupell9@sitemeter.com,Posuere.mp3
rwesleyla,awaycottla@hatena.ne.jp,Accumsan.avi
mschwandtlb,tharrowerlb@slate.com,Cubilia.mp3
divanonkolc,clynamlc@java.com,VivamusVelNulla.mp3
dbrookesbield,mkernleyld@theglobeandmail.com,InTempusSit.tiff
bbedbroughle,gmoylerle@vkontakte.ru,Blandit.ppt
mbellhouself,nhollidgelf@walmart.com,InSapien.avi
cdepperlg,lkidderlg@jalbum.net,DonecSemper.pdf
ngasperolh,krolselh@over-blog.com,Vitae.xls
tvescoli,pnernli@prweb.com,IpsumIntegerA.avi
lmaggillandreislj,dgaspardlj@angelfire.com,EnimLorem.xls
blambertzlk,cevenslk@independent.co.uk,CursusIdTurpis.avi
athomassinll,dsouthersll@sciencedirect.com,Id.xls
adoddemeadelm,kisbelllm@geocities.com,Condimentum.tiff
wfilyashinln,rnappinln@thetimes.co.uk,Platea.xls
rvigiettilo,wgerlacklo@woothemes.com,FacilisiCras.pdf
cbrownhalllp,dbrodestlp@netvibes.com,Pretium.avi
wgorringelq,fbingelllq@mtv.com,IdTurpis.xls
dotsonlr,lleitchlr@cnet.com,Fermentum.mp3
mtreasadenls,lcarmells@tinyurl.com,InFelis.jpeg
vaynoldlt,plytlelt@prlog.org,Eu.avi
cterrelllu,lleversonlu@linkedin.com,Leo.avi
dcellalv,whartnuplv@pcworld.com,Bibendum.mp3
njessuplw,jdomellw@cnet.com,Vel.xls
ldockraylx,mabdielx@blogger.com,OdioDonec.mp3
soldalely,rbleierly@yelp.com,ImperdietSapienUrna.tiff
katgerlz,lpoulglaislz@twitter.com,VelAugueVestibulum.avi
sbertrandm0,kcharkm0@adobe.com,EuSapien.tiff
welesm1,hcordeirom1@wp.com,TurpisEgetElit.xls
dhedgemanm2,cfallenm2@networksolutions.com,Sapien.pdf
gbeavonm3,plancashirem3@instagram.com,FermentumDonec.ppt
hbookerm4,roxenhamm4@cdbaby.com,AmetErosSuspendisse.tiff
klongfellowm5,mcarwithanm5@salon.com,DolorQuisOdio.ppt
lslightm6,cbeelbym6@odnoklassniki.ru,TempusVivamusIn.pdf
tknowlesm7,dlapidesm7@amazon.com,NullaEgetEros.ppt
lgouldsmithm8,agoodburnm8@topsy.com,Lobortis.ppt
jleithharveym9,kverriourm9@slashdot.org,VariusUtBlandit.ppt
ebretherickma,gtarzeyma@symantec.com,LiberoNullamSit.mp3
bhackworthymb,amaytommb@weibo.com,QuisTortorId.png
rridgleymc,gvancastelemc@msu.edu,JustoInHac.mp3
majeanmd,mpirellimd@ucoz.ru,Id.mp3
rsimonatome,ibeaneme@theguardian.com,UltricesPhasellusId.mov
nmcaughtrymf,mlarkinmf@pcworld.com,Non.gif
iblasimg,wkolinmg@sciencedirect.com,EratQuisque.ppt
wpetyaninmh,aallgoodmh@auda.org.au,VelIpsum.avi
lgollingmi,dmolanmi@cnet.com,Diam.avi
twarsapmj,dcosynsmj@yellowbook.com,LoremIdLigula.ppt
sgraystonmk,hchaineymk@imdb.com,Nisl.ppt
elehucquetml,wastburyml@feedburner.com,DiamNamTristique.mov
gpotemm,hfarnonmm@un.org,DapibusDolorVel.mp3
dwhittetmn,sjorrymn@photobucket.com,AccumsanFelisUt.mov
msymmersmo,stommenmo@europa.eu,AliquamConvallisNunc.ppt
cohanveymp,tcobboldmp@upenn.edu,LectusVestibulum.pdf
ltrickeymq,blemanmq@cloudflare.com,ElementumNullamVarius.ppt
eshercliffmr,mwittringtonmr@fc2.com,IdNisl.mp3
kmoubrayms,npicms@de.vu,Integer.avi
vassardmt,tbladgemt@mapquest.com,AcEstLacinia.mov
lburnagemu,gbamlingmu@cbsnews.com,AugueLuctusTincidunt.xls
lnaglemv,gdorgonmv@yandex.ru,CrasPellentesqueVolutpat.ppt
awarburtonmw,dhyammw@php.net,MetusSapien.avi
emitchelhillmx,pandreichikmx@cbc.ca,Nullam.tiff
asherrocksmy,cdemcakmy@weather.com,Dolor.jpeg
cfishbiemz,scorsanmz@japanpost.jp,ViverraEgetCongue.tiff
rniemetzn0,mseawardn0@goodreads.com,VelitEu.ppt
eolennanen1,lgockelern1@nyu.edu,Scelerisque.ppt
gmellorn2,nsimkovichn2@auda.org.au,PellentesqueEget.mp3
onozzoliin3,acrumbleholmen3@issuu.com,Sit.xls
mpoplandn4,arenadn4@washington.edu,MiNulla.mpeg
gbasellin5,hopfern5@shutterfly.com,Odio.mp3
cafieldn6,lbyassn6@fema.gov,NonummyInteger.avi
jbucknelln7,fgoorn7@engadget.com,Dolor.xls
ljoriozn8,mburrilln8@ed.gov,FeugiatEtEros.txt
akidneyn9,lcicconettin9@example.com,Vestibulum.tiff
cpetrillona,ebilofskyna@tuttocitta.it,IpsumDolor.txt
jfairbracenb,scaveaunb@sciencedirect.com,Dictumst.ppt
smaggillandreisnc,rivanshintsevnc@sourceforge.net,MaurisLaoreet.pdf
tbotlernd,atomischnd@huffingtonpost.com,Enim.ppt
mhadgkissne,hgirodierne@go.com,IaculisCongueVivamus.mp3
blebromnf,mlouthnf@technorati.com,ElitProinRisus.jpeg
mivashinng,tcockingsng@flickr.com,PotentiIn.mp3
cwaggittnh,jyetmannh@sphinn.com,PedePosuereNonummy.gif
okruszelnickini,atillertonni@guardian.co.uk,AnteIpsumPrimis.ppt
gbevarnj,bdawtrynj@purevolume.com,MaurisEnim.avi
ebrazelnk,nstruthersnk@alexa.com,InFaucibusOrci.mov
lmaddigannl,nkalfnl@blogspot.com,UrnaPretium.xls
ndeorteganm,rheighwaynm@cisco.com,Elementum.mp3
babramsnn,hvobesnn@bloglovin.com,Porta.tiff
ckovelmannno,jtotarono@wikimedia.org,CurabiturGravida.jpeg
gtotennp,cechalliernp@harvard.edu,TinciduntAnteVel.ppt
bstrittonnq,jgiorgiettonq@smugmug.com,Nulla.avi
mgirardynr,aleclercqnr@twitter.com,MaecenasUt.gif
fswantonns,tabazins@cafepress.com,In.avi
tloinesnt,dsabathiernt@google.com.hk,ParturientMontesNascetur.xls
gvillanu,ajuliennu@51.la,Cras.mp3
beastopenv,gshakspearenv@booking.com,ConsequatUt.jpeg
jdacksnw,lfairrienw@meetup.com,In.gif
callcottnx,drexnx@wikimedia.org,Consequat.ppt
msheridanny,ewiltshearny@seattletimes.com,VivamusVestibulumSagittis.xls
eslymannz,dheardmannz@slate.com,SemSedSagittis.png
nalviso0,dnorthcotto0@oaic.gov.au,RutrumNeque.tiff
lsculleyo1,dbotheo1@github.io,DonecUt.ppt
jfermero2,mmussottio2@chicagotribune.com,VestibulumAc.avi
dsantoreo3,broscampo3@dell.com,OdioInHac.mpeg
wgrisbrooko4,pmeighano4@wikimedia.org,TortorIdNulla.gif
rcrehano5,aaizikowitzo5@booking.com,DolorSit.txt
jrosendahlo6,tbraneyo6@who.int,Eget.doc
mbothbieo7,csteketeeo7@altervista.org,RutrumAt.png
ajoncico8,jmudleo8@wired.com,Lorem.gif
bsimonouo9,jricardouo9@google.fr,JustoPellentesqueViverra.tiff
lmiddelloa,tberriballoa@prnewswire.com,EratVolutpat.ppt
znewlandsob,lterneob@lycos.com,AOdioIn.mov
sbrooseoc,kupsonoc@oaic.gov.au,NequeVestibulum.xls
fgiuronod,wlimpennyod@squarespace.com,Eget.ppt
yplewsoe,tmalcolmsonoe@umich.edu,Lacinia.xls
pcohalanof,ibenieshof@tiny.cc,MiSit.ppt
aaschog,omerigotog@europa.eu,AmetJustoMorbi.mp3
pludlowoh,jfrankiewiczoh@discovery.com,LaciniaEgetTincidunt.ppt
mstrodeoi,sbridgeroi@cloudflare.com,Libero.gif
klerouxoj,omorandooj@usatoday.com,Erat.gif
ejellisok,kslatorok@google.ca,Euismod.ppt
cassadol,dstrawol@i2i.jp,VenenatisLaciniaAenean.tiff
nwigsellom,whalkyardom@comsenz.com,UtErat.avi
hroakeon,vsackeron@nifty.com,Primis.xls
canyonoo,asmallcombeoo@businessinsider.com,LeoOdio.avi
emillgateop,atyddop@buzzfeed.com,MaurisLaciniaSapien.doc
kpowlesoq,ksimecekoq@zdnet.com,Libero.doc
bweightor,jskeechor@msu.edu,ElementumInHac.avi
aclaughtonos,bmaevelaos@mozilla.com,SedAccumsan.mp3
hkeetsot,jkedwellot@google.es,CumSociisNatoque.jpeg
ldalgarnowchou,kcrenshawou@elpais.com,Vestibulum.txt
mcowpeov,ballikerov@pbs.org,NamUltrices.mp3
ebenedettiow,ggergerow@google.cn,Pede.avi
tmeharryox,nobingtonox@nsw.gov.au,Nulla.mp3
gperkinsonoy,eriseboroughoy@sogou.com,PellentesqueUltrices.xls
klatimeroz,pcrooteoz@usnews.com,Ultrices.mp3
ebathoep0,frimourp0@vimeo.com,Tincidunt.ppt
bprobbingsp1,cwhiterodp1@vinaora.com,IntegerAc.ppt
nlafrentzp2,ajeanp2@smugmug.com,UtAtDolor.mov
cmcmillamp3,rmarquandp3@alexa.com,AliquetAt.tiff
rmcleanp4,tdugop4@yolasite.com,Orci.mp3
bdarcop5,lpetroup5@studiopress.com,LectusPellentesque.pdf
vshillp6,dvynollp6@princeton.edu,AliquamLacus.tiff
csnellp7,srojelp7@cbsnews.com,Id.mpeg
gchicottip8,gtudgayp8@ifeng.com,SapienIn.ppt
nfickp9,krabierp9@live.com,NecMolestieSed.ppt
lthroughtonpa,vkobuspa@squidoo.com,LigulaInLacus.xls
dseabournepb,aogleypb@zdnet.com,PlateaDictumstMaecenas.mov
bfearonpc,mandersonpc@aol.com,LaciniaNisiVenenatis.avi
mobraddenpd,vhaldinpd@epa.gov,Ac.mp3
mkeningtonpe,gshovelbottompe@theatlantic.com,IdConsequat.ppt
mgullanepf,akellittpf@google.es,Tincidunt.ppt
tbartulpg,dbudgeonpg@baidu.com,VenenatisNon.avi
nfettesph,skumaarph@aboutads.info,Quam.mp3
dduncansonpi,jlumpi@ftc.gov,Id.ppt
npracypj,cbevespj@google.nl,LiberoNullam.xls
lmclarnonpk,avaninipk@desdev.cn,PedePosuere.gif
fjenteaupl,smaidenpl@un.org,MassaTemporConvallis.xls
ldurkinpm,rpespm@netvibes.com,MassaDonecDapibus.mp3
aorhrtpn,nessebypn@cbc.ca,DictumstEtiamFaucibus.txt
striebnerpo,kcurraopo@livejournal.com,LigulaNecSem.mp3
ehaithpp,tunwinpp@clickbank.net,PrimisIn.avi
rsidsaffpq,gvonderemptenpq@acquirethisname.com,RutrumNeque.xls
nbrodneckepr,psanctopr@merriam-webster.com,Quisque.ppt
rlindheps,dsnelgroveps@bbc.co.uk,VivamusMetusArcu.ppt
ckhomishinpt,bdanilyakpt@bloglines.com,AugueLuctus.mov
bgaulerpu,nrenachowskipu@irs.gov,Phasellus.xls
hzamorranopv,reeftingpv@disqus.com,SapienCum.xls
hseinpw,htembeypw@google.com.br,MaurisUllamcorper.mov
ggermanpx,wmansonpx@angelfire.com,UltriciesEuNibh.ppt
tdobrowolnypy,klaypy@privacy.gov.au,EgetEros.xls
rgrebbinpz,lnezeypz@baidu.com,NibhIn.mov
awhimperq0,vedelstonq0@theatlantic.com,Ut.jpeg
cmccookq1,asummerscalesq1@theglobeandmail.com,Eget.xls
ajillionsq2,loakdenq2@mapy.cz,Id.ppt
mabbattq3,dnehlsq3@seattletimes.com,SedTristique.jpeg
tbrawnq4,ncassq4@java.com,SedVestibulumSit.avi
hberzinq5,lhabeshawq5@phoca.cz,PorttitorId.doc
hoshirineq6,wdebellq6@ibm.com,Pretium.gif
sjuraszq7,cbeauq7@elpais.com,AmetSapienDignissim.xls
edavsleyq8,emuffittq8@businessweek.com,Pede.doc
tbreartonq9,fdesouzaq9@adobe.com,PorttitorLacus.mp3
corcasqa,lwhisbyqa@huffingtonpost.com,Velit.avi
aeustaceqb,hbarberqb@ustream.tv,MaurisEget.jpeg
zwoolamqc,phallittqc@google.co.jp,InPurus.xls
jmcilwaineqd,jmacounqd@ocn.ne.jp,Sit.ppt
rknappqe,hmcglynnqe@photobucket.com,Auctor.gif
esymsqf,cgribbinsqf@goo.ne.jp,Vestibulum.tiff
csegrottqg,jdocwraqg@discovery.com,DictumstEtiamFaucibus.avi
gbradaneqh,cllewellynqh@nytimes.com,Aliquet.mp3
agommesqi,srubinowqi@de.vu,PedeAcDiam.txt
ckoopqj,iphilippartqj@typepad.com,NonLigula.tiff
bspratlingqk,sfattoriqk@accuweather.com,Fermentum.mov
lbouldstridgeql,cphilpaultql@elpais.com,Tortor.mp3
cdrakeqm,ldimmickqm@xing.com,Amet.xls
awitterickqn,szaniolettiqn@tripadvisor.com,Ut.ppt
dwhitcherqo,pmeriotqo@cbc.ca,QuisAugue.ppt
eswaileqp,rfordqp@dedecms.com,ConsectetuerEgetRutrum.avi
aphebeeqq,rasselqq@godaddy.com,Lacinia.avi
hkimblinqr,sgiorgioqr@fema.gov,EratEros.xls
bluscombeqs,tscholteqs@adobe.com,Aliquet.avi
arexworthyqt,kbransonqt@princeton.edu,Rutrum.ppt
aottiwillqu,tbodlequ@google.fr,EratErosViverra.ppt
pseamonsqv,cmcelhargyqv@livejournal.com,MaecenasRhoncusAliquam.xls
dfollenqw,gansteeqw@gnu.org,PosuereCubiliaCurae.jpeg
aevendenqx,csharphouseqx@nbcnews.com,Lectus.gif
iwalasqy,jstareqy@miibeian.gov.cn,Consequat.avi
mpondjonesqz,cbonnetteqz@sbwire.com,InFelisEu.pdf
cgunnyr0,jkellartr0@nps.gov,NamNulla.xls
ctungayr1,gforresterr1@elpais.com,RutrumAt.jpeg
cwhaitesr2,ghauser2@blogtalkradio.com,IdNulla.gif
vtrusslover3,fbockinr3@prlog.org,MaecenasLeo.jpeg
jkimer4,udelascyr4@dagondesign.com,MaurisEget.mpeg
ppallasr5,dmahonr5@bloglovin.com,PrimisInFaucibus.pdf
phiscoer6,ccazer6@sitemeter.com,NislAeneanLectus.jpeg
kwatkinr7,mlonerganr7@weather.com,Quam.mp3
cbaffr8,ifarrer8@techcrunch.com,NamUltricesLibero.ppt
vfanter9,wgosfordr9@angelfire.com,Lacus.mp3
lastra,dmcgillivrayra@yale.edu,Hac.txt
mcormoderb,vbiddlerb@jiathis.com,Sapien.tiff
tpossellrc,dswetmanrc@prweb.com,CuraeDonecPharetra.tiff
sstonaryrd,kianizzird@npr.org,AmetDiamIn.tiff
bbeddardre,aknaggesre@loc.gov,NequeVestibulum.xls
rarsonrf,cbenboughrf@fema.gov,MorbiVestibulum.ppt
dcolmanrg,ageallrg@unblog.fr,Tincidunt.jpeg
eleddierh,ebirdrh@wordpress.org,RidiculusMus.ppt
rabbisonri,bthrussellri@jigsy.com,Quam.ppt
skloisnerrj,ecancuttrj@webnode.com,VestibulumVestibulum.ppt
mfreathyrk,tbernardinellirk@hibu.com,OrciLuctusEt.gif
sgemmillrl,pvanderkruisrl@salon.com,NuncVestibulum.xls
aegdalrm,gtycerm@vk.com,ErosElementumPellentesque.mp3
cdearlern,etilberryrn@github.io,Leo.ppt
rgalpinro,pbaulkro@t-online.de,PlateaDictumstEtiam.xls
dkerbyrp,kgilburtrp@irs.gov,AliquetMaecenas.xls
mespositarq,wquarryrq@purevolume.com,SapienIaculis.pdf
hlieberrr,icayetrr@homestead.com,Ut.mp3